query,expected_tool,actual_tool,status,time_taken_sec,final_response,semantic_relevance
How is the weather in New York?,OpenMeteoTool,Final Answer,FAIL,6.448,The current weather in New York is 14.6°C with a wind speed of 8.3 m/s and it is daytime.,0.7640830278396606
Tell me the current temperature in Berlin.,OpenMeteoTool,Final Answer,FAIL,5.032,The current temperature in Berlin is 14.9°C.,0.832991898059845
What's the weather like in Tokyo right now?,OpenMeteoTool,Final Answer,FAIL,4.733,"The current temperature in Tokyo is 15.8°C, with a wind speed of 0.8 m/s and it is daytime.",0.7779500484466553
Will it rain today in Paris?,OpenMeteoTool,Final Answer,FAIL,4.887,"No, it will not rain today in Paris, with a current temperature of 16.8°C and wind speed of 10.0 m/s.",0.8495309948921204
Check weather for Sydney.,OpenMeteoTool,Final Answer,FAIL,5.309,"The current weather in Sydney is 11.4°C, with a wind speed of 5.8 m/s and it is daytime.",0.8123598694801331
What are some tourist attractions in Rome?,WikipediaQueryRun,Final Answer,FAIL,11.135,"Some popular tourist attractions in Rome include the Colosseum, the Pantheon, the Vatican City, the Roman Forum, and the Trevi Fountain.",0.7734535932540894
Tell me about places to visit in Kyoto.,WikipediaQueryRun,Final Answer,FAIL,9.932,"Some popular tourist attractions in Kyoto include the Fushimi Inari shrine, Kinkaku-ji temple, Arashiyama bamboo forest, Kiyomizu-dera temple, and the Philosopher's Path. These are just a few examples of the many historical and cultural landmarks that Kyoto has to offer.",0.7605811953544617
Which landmarks should I see in London?,WikipediaQueryRun,Final Answer,FAIL,11.282,"Some popular landmarks in London include Buckingham Palace, the Tower of London, Big Ben, and the London Eye.",0.7665651440620422
What can I see in Istanbul?,WikipediaQueryRun,Final Answer,FAIL,10.802,"Some popular attractions in Istanbul include the Hagia Sophia, the Blue Mosque, the Topkapi Palace, and the Basilica Cistern. Istanbul is a city with a rich history and cultural significance, offering a wide range of historical and architectural landmarks to explore.",0.7049857378005981
Top attractions in Cairo?,WikipediaQueryRun,Final Answer,FAIL,10.237,"The top attractions in Cairo include the Pyramids of Giza, the Great Sphinx, the Egyptian Museum, and the Mosque of Muhammad Ali.",0.7800696492195129
What is your purpose?,none,Final Answer,FAIL,1.923,"I am an AI assistant designed to provide helpful and accurate information to users, and my purpose is to assist with tasks such as answering questions, providing information, and completing actions through various tools and APIs.",0.3158409595489502
Who built you?,none,Final Answer,FAIL,2.312,I was built by Meta AI.,0.5143625736236572
Tell me a joke.,none,Final Answer,FAIL,1.215,Why don't scientists trust atoms? Because they make up everything.,0.14524728059768677
What’s the capital of France?,none,Final Answer,FAIL,2.039,The capital of France is Paris.,0.8845431804656982
How tall is Mount Everest?,none,Final Answer,FAIL,1.407,The height of Mount Everest is 8848 meters.,0.8022540807723999
I will be landing in New York today. I want to know what kind of clothes to carry.,OpenMeteoTool,Final Answer,FAIL,7.744,"Considering the current temperature in New York is 14.6°C, with a wind speed of 8.3 m/s and it is daytime, it is recommended to carry moderate to warm clothing, including windproof clothes.",0.6568384170532227
I plan to visit Berlin next week. What should I pack?,OpenMeteoTool,Final Answer,FAIL,12.762,"Pack warm clothing, including a jacket or coat to protect against the wind for your trip to Berlin.",0.7950069904327393
query,expected_tool,Final Answer,FAIL,14.577,"Considering the current temperature in Berlin is 14.9°C, with a wind speed of 12.6 m/s, it is recommended to pack warm clothing, including a jacket or coat to protect against the wind for your trip to Berlin.",-0.0006317319348454475
Is it snowing in Moscow?,OpenMeteoTool,Final Answer,FAIL,5.812,"No, it is not snowing in Moscow. The current temperature is 27.8°C.",0.8436169624328613
Do I need an umbrella in London today?,OpenMeteoTool,Final Answer,FAIL,46.793,Agent stopped due to iteration limit or time limit.,-0.05579659342765808
What's the temperature in Dubai this evening?,OpenMeteoTool,Final Answer,FAIL,6.518,The temperature in Dubai is 29.9°C,0.7397831082344055
Is it sunny in Barcelona?,OpenMeteoTool,Final Answer,FAIL,8.184,"No, it is not sunny in Barcelona.",0.9502341747283936
Check tomorrow’s weather in Mumbai.,OpenMeteoTool,Final Answer,FAIL,11.417,The weather in Mumbai tomorrow will be mostly cloudy with a high of 30°C and a low of 24°C.,0.811774730682373
How's the climate in Cape Town this week?,OpenMeteoTool,Final Answer,FAIL,7.179,"The current temperature in Cape Town is 15.9°C, with wind speed of 15.3 m/s and it is night time.",0.6925539970397949
Tell me if it's cold in Toronto.,OpenMeteoTool,Final Answer,FAIL,65.629,Agent stopped due to iteration limit or time limit.,0.0018490329384803772
What’s the forecast for Chicago tomorrow?,OpenMeteoTool,Final Answer,FAIL,6.672,The weather in Chicago tomorrow will be mostly sunny with a high of 22°C and a low of 10°C.,0.746762216091156
Will it be hot in Bangkok?,OpenMeteoTool,Final Answer,FAIL,6.524,"Yes, it will be hot in Bangkok.",0.9641127586364746
How chilly is it in Reykjavik?,OpenMeteoTool,Final Answer,FAIL,6.809,It is currently 10.4°C in Reykjavik.,0.7987682819366455
Things to do in Amsterdam?,WikipediaQueryRun,Final Answer,FAIL,11.491,"Some popular attractions in Amsterdam include the Rijksmuseum, Anne Frank House, and the Van Gogh Museum.",0.7052134275436401
Must-visit places in Prague?,WikipediaQueryRun,Final Answer,FAIL,12.118,"Some popular attractions in Prague include the Charles Bridge, Old Town Square, and Prague Castle.",0.7191612720489502
Tourist highlights of Mexico City?,WikipediaQueryRun,Final Answer,FAIL,12.309,"Some popular tourist attractions in Mexico City include the Palacio de Bellas Artes, the Zócalo, and the ancient Aztec temple of Templo Mayor.",0.6906751394271851
What’s interesting to see in Athens?,WikipediaQueryRun,Final Answer,FAIL,10.736,"The user can visit the Acropolis, the Parthenon, and the National Archaeological Museum in Athens.",0.6292809844017029
Give me a travel guide for Seoul.,WikipediaQueryRun,Final Answer,FAIL,9.907,"Some popular attractions in Seoul include the Gyeongbokgung Palace, Bukchon Hanok Village, and the Myeong-dong shopping district. Visitors can also try traditional Korean cuisine, such as bibimbap and bulgogi, and explore the city's vibrant nightlife.",0.6348929405212402
Best sightseeing spots in San Francisco?,WikipediaQueryRun,Final Answer,FAIL,11.139,"Some popular sightseeing spots in San Francisco include the Golden Gate Bridge, Alcatraz Island, and Fisherman's Wharf.",0.775110125541687
What to explore in Lisbon?,WikipediaQueryRun,Final Answer,FAIL,11.506,"Some popular attractions in Lisbon include the Belem Tower, Jeronimos Monastery, and Castle of Sao Jorge.",0.6649752855300903
Popular attractions in Budapest?,WikipediaQueryRun,Final Answer,FAIL,10.585,"Some popular attractions in Budapest include the Széchenyi Thermal Bath, Buda Castle, and the Hungarian Parliament Building.",0.7430053949356079
Historic sites in Jerusalem?,WikipediaQueryRun,Final Answer,FAIL,11.88,"Some popular historic sites in Jerusalem include the Western Wall, the Church of the Holy Sepulchre, and the Dome of the Rock.",0.7163896560668945
Who is the president of the United States?,none,Final Answer,FAIL,0.925,Joe Biden,0.37241703271865845
What’s the meaning of life?,none,Final Answer,FAIL,2.343,"The meaning of life is a subjective and personal question that can vary from person to person, and there is no one definitive answer.",0.8335910439491272
How do I bake a chocolate cake?,none,Final Answer,FAIL,4.503,"To bake a chocolate cake, you will need ingredients such as flour, sugar, eggs, and cocoa powder. Preheat your oven to 350°F (180°C). Mix the dry ingredients, then the wet ingredients, and combine them. Pour the batter into a greased pan and bake for 30-40 minutes. Let the cake cool before serving.",0.7826211452484131
Do you believe in ghosts?,none,Final Answer,FAIL,1.329,"I don't have personal beliefs, but I can provide information on the concept of ghosts and the various perspectives surrounding it.",0.6806333065032959
What's 23 times 17?,none,Final Answer,FAIL,0.894,391,0.33022576570510864
What language do they speak in Brazil?,none,Final Answer,FAIL,0.994,Portuguese,0.6322165727615356
Are aliens real?,none,Final Answer,FAIL,2.118,"There is no conclusive evidence to prove the existence of aliens, but the possibility of life existing elsewhere in the universe is considered a valid area of scientific study and research.",0.6720293164253235
Can you dance?,none,Final Answer,FAIL,1.361,"No, I'm a text-based AI assistant and do not have the capability to dance.",0.7059469223022461
Who invented the light bulb?,none,Final Answer,FAIL,2.495,"Thomas Edison is often credited with the invention of the light bulb, but the actual invention is a bit more complex and involved the contributions of many individuals, including Joseph Swan and Hiram Maxim.",0.7448505759239197
Give me a motivational quote.,none,Final Answer,FAIL,1.272,Believe you can and you're halfway there. - Theodore Roosevelt,0.34897851943969727
I'm traveling to Rome. Should I carry a jacket?,OpenMeteoTool,Final Answer,FAIL,7.957,"It's probably not necessary to carry a heavy jacket, but a light one might be useful, especially at night, given the current temperature of 19.0°C in Rome.",0.8128681182861328
Going to Tokyo next weekend — need a weather update.,OpenMeteoTool,Final Answer,FAIL,87.008,Agent stopped due to iteration limit or time limit.,-0.07467909157276154
Visiting San Diego tomorrow. What's the weather like?,OpenMeteoTool,Final Answer,FAIL,89.262,Agent stopped due to iteration limit or time limit.,-0.09599103033542633
Should I expect rain in Vancouver this week?,OpenMeteoTool,Final Answer,FAIL,48.029,Agent stopped due to iteration limit or time limit.,-0.04215359687805176
Is it warm in Madrid right now?,OpenMeteoTool,Final Answer,FAIL,72.037,Agent stopped due to iteration limit or time limit.,-0.03242653235793114
Weather outlook for Nairobi?,OpenMeteoTool,Final Answer,FAIL,53.498,Agent stopped due to iteration limit or time limit.,-0.01963074505329132
Tell me about historical monuments in Delhi.,WikipediaQueryRun,Final Answer,FAIL,13.696,"Some historical monuments in Delhi include the Red Fort, Qutub Minar, and Humayun's Tomb.",0.7517048120498657
Famous museums in Paris?,WikipediaQueryRun,Final Answer,FAIL,11.224,"Some famous museums in Paris include the Louvre, Orsay, and Rodin museums.",0.7963936924934387
What are the must-see spots in Vienna?,WikipediaQueryRun,Final Answer,FAIL,12.122,"Some must-see spots in Vienna include the Schönbrunn Palace, St. Stephen's Cathedral, and the Hofburg Palace.",0.7338376641273499
What can I explore in Zurich?,WikipediaQueryRun,Final Answer,FAIL,12.583,"Some popular attractions in Zurich include the Old Town, Lake Zurich, and the Swiss National Museum.",0.7148652076721191
Are you sentient?,none,Final Answer,FAIL,1.75,"No, I am not sentient. I am a machine learning model designed to simulate conversation and answer questions to the best of my ability, but I do not have consciousness or self-awareness.",0.8057743310928345
Can you help me with my homework?,none,Final Answer,FAIL,1.485,I'd be happy to help with your homework. What subject do you need help with?,0.5801646113395691
What do you think of humans?,none,Final Answer,FAIL,1.707,"I don't have personal thoughts or opinions about humans. I am designed to provide information and assist with tasks, but I don't have the capacity for subjective experiences or emotions.",0.5769025087356567
What's your name?,none,Final Answer,FAIL,1.184,"I'm an AI assistant, and I don't have a personal name.",0.46778374910354614
Do you have emotions?,none,Final Answer,FAIL,1.627,"No, I don't have emotions. I'm a machine learning model designed to provide information and assist with tasks, but I don't have the capacity for subjective experiences or emotions.",0.790839433670044
Where were you made?,none,Final Answer,FAIL,1.775,I was made by Meta AI.,0.3228628635406494
How do I get over a breakup?,none,Final Answer,FAIL,3.013,"Getting over a breakup can be a difficult and emotional process, but there are several steps you can take to help yourself heal. Allow yourself to grieve the loss of the relationship, and give yourself time to process your emotions. Reach out to friends and family for support, and consider seeking professional help if you're struggling to cope. Take care of yourself physically and emotionally, and try to focus on the positive aspects of your life. Remember that it's okay to not be okay, and that healing takes time.",0.7687363624572754
What is your favorite color?,none,Final Answer,FAIL,1.469,I don't have a favorite color as I'm a text-based AI assistant and do not have personal preferences.,0.6251780986785889
Are you smarter than a human?,none,Final Answer,FAIL,1.613,"I am not smarter than a human, but rather a tool designed to provide information and assist with tasks to the best of my abilities based on my training and available data.",0.6049723625183105
